url;matricule
http://fake.url.com/0000003191.pdf;1
http://fake.url.com/0000003191.pdf;8
http://fake.url.com/0000003191.pdf;9
http://fake.url.com/0000005516.pdf;35
http://fake.url.com/0000005516.pdf;31
http://fake.url.com/0000003913.pdf;5
http://fake.url.com/0000003913.pdf;4
http://fake.url.com/0000005872.pdf;34
http://fake.url.com/0000004598.pdf;5
http://fake.url.com/0000003928.pdf;16
http://fake.url.com/0000003928.pdf;1
http://fake.url.com/0000003928.pdf;9
http://fake.url.com/0000008270.pdf;29
http://fake.url.com/0000008270.pdf;30
http://fake.url.com/0000008270.pdf;3
http://fake.url.com/0000005489.pdf;26
http://fake.url.com/0000005445.pdf;26
http://fake.url.com/0000006822.pdf;21
http://fake.url.com/0000006822.pdf;19
http://fake.url.com/0000006822.pdf;20
http://fake.url.com/0000007064.pdf;28
http://fake.url.com/0000007064.pdf;34
http://fake.url.com/0000007935.pdf;26
http://fake.url.com/0000007935.pdf;25
http://fake.url.com/0000003094.pdf;2
http://fake.url.com/0000008851.pdf;19
http://fake.url.com/0000004064.pdf;21
http://fake.url.com/0000004936.pdf;32
http://fake.url.com/0000008873.pdf;19
http://fake.url.com/0000008873.pdf;21
http://fake.url.com/0000008873.pdf;20
http://fake.url.com/0000005291.pdf;36
http://fake.url.com/0000006114.pdf;2
http://fake.url.com/0000002458.pdf;36
http://fake.url.com/0000002458.pdf;35
http://fake.url.com/0000002458.pdf;34
http://fake.url.com/0000009223.pdf;7
http://fake.url.com/0000009223.pdf;3
http://fake.url.com/0000009223.pdf;5
http://fake.url.com/0000003225.pdf;10
http://fake.url.com/0000003225.pdf;21
http://fake.url.com/0000005965.pdf;2
http://fake.url.com/0000005965.pdf;3
http://fake.url.com/0000009108.pdf;3
http://fake.url.com/0000009108.pdf;20
http://fake.url.com/0000009108.pdf;2
http://fake.url.com/0000003153.pdf;45
http://fake.url.com/0000000878.pdf;39
http://fake.url.com/0000002484.pdf;34
http://fake.url.com/0000002484.pdf;30
http://fake.url.com/0000000374.pdf;34
http://fake.url.com/0000000160.pdf;23
http://fake.url.com/0000000164.pdf;54
http://fake.url.com/0000000164.pdf;53
http://fake.url.com/0000008149.pdf;47
http://fake.url.com/0000008149.pdf;46
http://fake.url.com/0000006825.pdf;21
http://fake.url.com/0000006825.pdf;5
http://fake.url.com/0000006825.pdf;20
http://fake.url.com/0000008400.pdf;53
http://fake.url.com/0000008400.pdf;27
http://fake.url.com/0000008400.pdf;41
http://fake.url.com/0000005312.pdf;1
http://fake.url.com/0000005312.pdf;3
http://fake.url.com/0000009989.pdf;41
http://fake.url.com/0000005623.pdf;15
http://fake.url.com/0000005623.pdf;14
http://fake.url.com/0000006893.pdf;51
http://fake.url.com/0000000063.pdf;38
http://fake.url.com/0000009615.pdf;44
http://fake.url.com/0000009615.pdf;45
http://fake.url.com/0000008510.pdf;2
http://fake.url.com/0000008510.pdf;34
http://fake.url.com/0000004442.pdf;36
http://fake.url.com/0000004442.pdf;31
http://fake.url.com/0000002283.pdf;25
http://fake.url.com/0000002283.pdf;27
http://fake.url.com/0000000104.pdf;19
http://fake.url.com/0000000104.pdf;9
http://fake.url.com/0000000104.pdf;2
http://fake.url.com/0000006225.pdf;1
http://fake.url.com/0000006225.pdf;3
http://fake.url.com/0000006225.pdf;2
http://fake.url.com/0000005139.pdf;3
http://fake.url.com/0000003989.pdf;28
http://fake.url.com/0000003989.pdf;34
http://fake.url.com/0000002383.pdf;22
http://fake.url.com/0000002383.pdf;12
http://fake.url.com/0000002383.pdf;24
http://fake.url.com/0000004460.pdf;36
http://fake.url.com/0000005729.pdf;9
http://fake.url.com/0000005729.pdf;2
http://fake.url.com/0000006543.pdf;1
http://fake.url.com/0000006543.pdf;5
http://fake.url.com/0000006543.pdf;4
http://fake.url.com/0000008066.pdf;3
http://fake.url.com/0000008066.pdf;7
http://fake.url.com/0000004889.pdf;31
http://fake.url.com/0000007049.pdf;3
http://fake.url.com/0000007049.pdf;2
http://fake.url.com/0000000916.pdf;6
http://fake.url.com/0000000916.pdf;4
http://fake.url.com/0000004751.pdf;30
http://fake.url.com/0000004751.pdf;34
http://fake.url.com/0000008970.pdf;2
http://fake.url.com/0000008970.pdf;8
http://fake.url.com/0000008970.pdf;3
http://fake.url.com/0000006405.pdf;25
http://fake.url.com/0000006405.pdf;26
http://fake.url.com/0000005921.pdf;23
http://fake.url.com/0000005921.pdf;1
http://fake.url.com/0000005921.pdf;3
http://fake.url.com/0000006098.pdf;19
http://fake.url.com/0000006098.pdf;9
http://fake.url.com/0000006098.pdf;1
http://fake.url.com/0000003551.pdf;11
http://fake.url.com/0000003551.pdf;1
http://fake.url.com/0000003551.pdf;28
http://fake.url.com/0000003306.pdf;21
http://fake.url.com/0000000905.pdf;40
http://fake.url.com/0000000905.pdf;52
http://fake.url.com/0000001043.pdf;3
http://fake.url.com/0000001043.pdf;29
http://fake.url.com/0000008620.pdf;16
http://fake.url.com/0000008620.pdf;17
http://fake.url.com/0000008620.pdf;35
http://fake.url.com/0000005195.pdf;7
http://fake.url.com/0000005195.pdf;5
http://fake.url.com/0000000513.pdf;40
http://fake.url.com/0000000513.pdf;27
http://fake.url.com/0000004955.pdf;36
http://fake.url.com/0000004955.pdf;35
http://fake.url.com/0000004955.pdf;34
http://fake.url.com/0000001800.pdf;5
http://fake.url.com/0000001735.pdf;35
http://fake.url.com/0000001735.pdf;36
http://fake.url.com/0000001735.pdf;51
http://fake.url.com/0000006162.pdf;42
http://fake.url.com/0000001489.pdf;12
http://fake.url.com/0000001489.pdf;7
http://fake.url.com/0000005104.pdf;26
http://fake.url.com/0000002892.pdf;1
http://fake.url.com/0000002892.pdf;39
http://fake.url.com/0000002892.pdf;3
http://fake.url.com/0000000639.pdf;47
http://fake.url.com/0000006482.pdf;20
http://fake.url.com/0000008874.pdf;41
http://fake.url.com/0000008874.pdf;53
http://fake.url.com/0000004585.pdf;28
http://fake.url.com/0000004585.pdf;35
http://fake.url.com/0000004009.pdf;47
http://fake.url.com/0000004009.pdf;48
http://fake.url.com/0000003242.pdf;41
http://fake.url.com/0000003242.pdf;52
http://fake.url.com/0000003242.pdf;40
http://fake.url.com/0000005194.pdf;5
http://fake.url.com/0000001958.pdf;42
http://fake.url.com/0000003050.pdf;4
http://fake.url.com/0000003050.pdf;6
http://fake.url.com/0000006879.pdf;38
http://fake.url.com/0000001717.pdf;43
http://fake.url.com/0000001717.pdf;45
http://fake.url.com/0000000207.pdf;29
http://fake.url.com/0000000207.pdf;30
http://fake.url.com/0000003285.pdf;47
http://fake.url.com/0000006068.pdf;37
http://fake.url.com/0000006068.pdf;29
http://fake.url.com/0000006068.pdf;28
http://fake.url.com/0000000376.pdf;44
http://fake.url.com/0000008942.pdf;3
http://fake.url.com/0000008942.pdf;20
http://fake.url.com/0000005392.pdf;3
http://fake.url.com/0000004542.pdf;21
http://fake.url.com/0000004542.pdf;20
http://fake.url.com/0000006073.pdf;17
http://fake.url.com/0000006073.pdf;7
http://fake.url.com/0000006073.pdf;9
http://fake.url.com/0000007237.pdf;36
http://fake.url.com/0000007654.pdf;47
http://fake.url.com/0000009866.pdf;30
http://fake.url.com/0000009866.pdf;9
http://fake.url.com/0000009866.pdf;3
http://fake.url.com/0000007857.pdf;7
http://fake.url.com/0000007857.pdf;2
http://fake.url.com/0000009328.pdf;42
http://fake.url.com/0000009328.pdf;27
http://fake.url.com/0000009328.pdf;26
http://fake.url.com/0000008780.pdf;30
http://fake.url.com/0000008780.pdf;2
http://fake.url.com/0000002490.pdf;12
http://fake.url.com/0000002490.pdf;15
http://fake.url.com/0000008210.pdf;1
http://fake.url.com/0000000877.pdf;37
http://fake.url.com/0000000877.pdf;2
http://fake.url.com/0000000877.pdf;3
http://fake.url.com/0000008047.pdf;15
http://fake.url.com/0000004051.pdf;25
http://fake.url.com/0000004051.pdf;27
http://fake.url.com/0000004051.pdf;26
http://fake.url.com/0000006183.pdf;46
http://fake.url.com/0000003636.pdf;9
http://fake.url.com/0000003636.pdf;2
http://fake.url.com/0000003700.pdf;25
http://fake.url.com/0000007060.pdf;20
http://fake.url.com/0000000396.pdf;36
http://fake.url.com/0000000396.pdf;53
http://fake.url.com/0000000765.pdf;28
http://fake.url.com/0000006900.pdf;42
http://fake.url.com/0000006900.pdf;52
http://fake.url.com/0000006900.pdf;40
http://fake.url.com/0000009658.pdf;49
http://fake.url.com/0000001039.pdf;2
http://fake.url.com/0000001039.pdf;10
http://fake.url.com/0000001039.pdf;5
http://fake.url.com/0000009355.pdf;25
http://fake.url.com/0000005634.pdf;1
http://fake.url.com/0000004006.pdf;2
http://fake.url.com/0000004006.pdf;9
http://fake.url.com/0000004006.pdf;7
http://fake.url.com/0000008416.pdf;45
http://fake.url.com/0000008416.pdf;43
http://fake.url.com/0000007646.pdf;36
http://fake.url.com/0000007646.pdf;29
http://fake.url.com/0000003991.pdf;20
http://fake.url.com/0000005947.pdf;35
http://fake.url.com/0000009204.pdf;34
http://fake.url.com/0000004895.pdf;29
http://fake.url.com/0000004895.pdf;36
http://fake.url.com/0000008446.pdf;25
http://fake.url.com/0000008446.pdf;27
http://fake.url.com/0000008446.pdf;52
http://fake.url.com/0000003245.pdf;2
http://fake.url.com/0000003245.pdf;1
http://fake.url.com/0000003245.pdf;6
http://fake.url.com/0000005127.pdf;51
http://fake.url.com/0000005232.pdf;34
http://fake.url.com/0000005232.pdf;36
http://fake.url.com/0000009028.pdf;35
http://fake.url.com/0000009028.pdf;30
http://fake.url.com/0000008180.pdf;46
http://fake.url.com/0000005273.pdf;30
http://fake.url.com/0000005273.pdf;28
http://fake.url.com/0000009816.pdf;3
http://fake.url.com/0000003271.pdf;33
http://fake.url.com/0000007339.pdf;36
http://fake.url.com/0000007339.pdf;35
http://fake.url.com/0000000529.pdf;1
http://fake.url.com/0000000529.pdf;3
http://fake.url.com/0000009380.pdf;44
http://fake.url.com/0000009380.pdf;19
http://fake.url.com/0000009380.pdf;21
http://fake.url.com/0000004294.pdf;3
http://fake.url.com/0000004294.pdf;39
http://fake.url.com/0000004247.pdf;4
http://fake.url.com/0000004247.pdf;21
http://fake.url.com/0000000894.pdf;29
http://fake.url.com/0000000894.pdf;30
http://fake.url.com/0000000894.pdf;34
http://fake.url.com/0000003875.pdf;28
http://fake.url.com/0000003875.pdf;30
http://fake.url.com/0000007785.pdf;30
http://fake.url.com/0000007785.pdf;28
http://fake.url.com/0000007785.pdf;35
http://fake.url.com/0000008696.pdf;3
http://fake.url.com/0000008696.pdf;11
http://fake.url.com/0000004421.pdf;20
http://fake.url.com/0000004421.pdf;40
http://fake.url.com/0000009045.pdf;38
http://fake.url.com/0000004303.pdf;42
http://fake.url.com/0000004303.pdf;54
http://fake.url.com/0000004074.pdf;1
http://fake.url.com/0000004074.pdf;17
http://fake.url.com/0000005276.pdf;36
http://fake.url.com/0000005276.pdf;31
http://fake.url.com/0000005276.pdf;33
http://fake.url.com/0000009212.pdf;1
http://fake.url.com/0000009212.pdf;28
http://fake.url.com/0000006725.pdf;36
http://fake.url.com/0000000016.pdf;3
http://fake.url.com/0000000016.pdf;1
http://fake.url.com/0000004777.pdf;44
http://fake.url.com/0000004777.pdf;43
http://fake.url.com/0000009873.pdf;29
http://fake.url.com/0000009873.pdf;35
http://fake.url.com/0000009873.pdf;37
http://fake.url.com/0000007609.pdf;4
http://fake.url.com/0000007609.pdf;5
http://fake.url.com/0000007609.pdf;19
http://fake.url.com/0000007290.pdf;25
