url;sujet
http://fake.url.com/0000003271.pdf;Combinatorial Optimization
http://fake.url.com/0000008416.pdf;Physics
http://fake.url.com/0000005392.pdf;Deep Learning
http://fake.url.com/0000005392.pdf;Machine Learning
http://fake.url.com/0000006919.pdf;Mathematics
http://fake.url.com/0000006919.pdf;Combinatorial Optimization
http://fake.url.com/0000000396.pdf;Ecology
http://fake.url.com/0000000396.pdf;Mathematics
http://fake.url.com/0000000396.pdf;Climate Change
http://fake.url.com/0000006114.pdf;Machine Learning
http://fake.url.com/0000006114.pdf;Random Forests
http://fake.url.com/0000006114.pdf;Medical Imaging
http://fake.url.com/0000008696.pdf;Machine Learning
http://fake.url.com/0000008696.pdf;Medical Imaging
http://fake.url.com/0000008696.pdf;Deep Learning
http://fake.url.com/0000001972.pdf;Mathematics
http://fake.url.com/0000001972.pdf;Combinatorial Optimization
http://fake.url.com/0000003700.pdf;Economics
http://fake.url.com/0000000894.pdf;Optimization
http://fake.url.com/0000000894.pdf;Mathematics
http://fake.url.com/0000009355.pdf;Economics
http://fake.url.com/0000009355.pdf;Climate Change
http://fake.url.com/0000006482.pdf;Image Processing
http://fake.url.com/0000006482.pdf;Industrial Imaging
http://fake.url.com/0000006482.pdf;Medical Imaging
http://fake.url.com/0000006797.pdf;Medical Imaging
http://fake.url.com/0000006797.pdf;Image Processing
http://fake.url.com/0000005139.pdf;Mathematics
http://fake.url.com/0000005139.pdf;Machine Learning
http://fake.url.com/0000005139.pdf;Network Inference
http://fake.url.com/0000005139.pdf;Random Forests
http://fake.url.com/0000005414.pdf;Economics
http://fake.url.com/0000005414.pdf;Machine Learning
http://fake.url.com/0000006543.pdf;Medical Imaging
http://fake.url.com/0000006543.pdf;Machine Learning
http://fake.url.com/0000006543.pdf;Deep Learning
http://fake.url.com/0000006725.pdf;Mathematics
http://fake.url.com/0000006725.pdf;Economics
http://fake.url.com/0000003551.pdf;Machine Learning
http://fake.url.com/0000003551.pdf;Optimization
http://fake.url.com/0000003551.pdf;Deep Learning
http://fake.url.com/0000005872.pdf;Mathematics
http://fake.url.com/0000005872.pdf;Optimization
http://fake.url.com/0000005516.pdf;Combinatorial Optimization
http://fake.url.com/0000005516.pdf;Mathematics
http://fake.url.com/0000003242.pdf;Ecology
http://fake.url.com/0000003242.pdf;Climate Change
http://fake.url.com/0000009989.pdf;Ecology
http://fake.url.com/0000009989.pdf;Climate Change
http://fake.url.com/0000004107.pdf;Physics
http://fake.url.com/0000002283.pdf;Economics
http://fake.url.com/0000003991.pdf;Image Processing
http://fake.url.com/0000003991.pdf;Machine Learning
http://fake.url.com/0000007064.pdf;Mathematics
http://fake.url.com/0000007064.pdf;Optimization
http://fake.url.com/0000008870.pdf;Combinatorial Optimization
http://fake.url.com/0000000207.pdf;Mathematics
http://fake.url.com/0000000207.pdf;Optimization
http://fake.url.com/0000005634.pdf;Image Processing
http://fake.url.com/0000005634.pdf;Random Forests
http://fake.url.com/0000005634.pdf;Machine Learning
http://fake.url.com/0000009328.pdf;Economics
http://fake.url.com/0000009328.pdf;Climate Change
http://fake.url.com/0000008090.pdf;Random Forests
http://fake.url.com/0000008090.pdf;Machine Learning
http://fake.url.com/0000008090.pdf;Power Systems
http://fake.url.com/0000000765.pdf;Mathematics
http://fake.url.com/0000000765.pdf;Optimization
http://fake.url.com/0000000063.pdf;Power Systems
http://fake.url.com/0000000063.pdf;Mathematics
http://fake.url.com/0000000063.pdf;Optimization
http://fake.url.com/0000004542.pdf;Medical Imaging
http://fake.url.com/0000004542.pdf;Image Processing
http://fake.url.com/0000006893.pdf;Automata Theory
http://fake.url.com/0000006893.pdf;Mathematics
http://fake.url.com/0000009212.pdf;Optimization
http://fake.url.com/0000009212.pdf;Machine Learning
http://fake.url.com/0000009212.pdf;Mathematics
http://fake.url.com/0000009212.pdf;Automata Theory
http://fake.url.com/0000006822.pdf;Machine Learning
http://fake.url.com/0000006822.pdf;Image Processing
http://fake.url.com/0000006111.pdf;Medical Research
http://fake.url.com/0000003673.pdf;Climate Change
http://fake.url.com/0000003673.pdf;Ecology
http://fake.url.com/0000000049.pdf;Economics
http://fake.url.com/0000008942.pdf;Random Forests
http://fake.url.com/0000008942.pdf;Image Processing
http://fake.url.com/0000008942.pdf;Machine Learning
http://fake.url.com/0000006209.pdf;Combinatorial Optimization
http://fake.url.com/0000006209.pdf;Mathematics
http://fake.url.com/0000001981.pdf;Mathematics
http://fake.url.com/0000001981.pdf;Combinatorial Optimization
http://fake.url.com/0000006900.pdf;Climate Change
http://fake.url.com/0000006900.pdf;Ecology
http://fake.url.com/0000006900.pdf;Economics
http://fake.url.com/0000000878.pdf;Ecology
http://fake.url.com/0000000878.pdf;Power Systems
http://fake.url.com/0000000878.pdf;Climate Change
http://fake.url.com/0000003928.pdf;Random Forests
http://fake.url.com/0000003928.pdf;Machine Learning
http://fake.url.com/0000003928.pdf;Mathematics
http://fake.url.com/0000003928.pdf;Network Inference
http://fake.url.com/0000004889.pdf;Combinatorial Optimization
http://fake.url.com/0000006110.pdf;Image Processing
http://fake.url.com/0000006110.pdf;Climate Change
http://fake.url.com/0000006110.pdf;Ecology
http://fake.url.com/0000004051.pdf;Economics
http://fake.url.com/0000004051.pdf;Mathematics
http://fake.url.com/0000008047.pdf;Image Processing
http://fake.url.com/0000008047.pdf;Industrial Imaging
http://fake.url.com/0000008047.pdf;Medical Imaging
http://fake.url.com/0000002484.pdf;Mathematics
http://fake.url.com/0000002484.pdf;Optimization
http://fake.url.com/0000008874.pdf;Ecology
http://fake.url.com/0000008874.pdf;Climate Change
http://fake.url.com/0000001735.pdf;Mathematics
http://fake.url.com/0000001735.pdf;Automata Theory
http://fake.url.com/0000001735.pdf;Software Development
http://fake.url.com/0000006405.pdf;Economics
http://fake.url.com/0000005947.pdf;Mathematics
http://fake.url.com/0000005947.pdf;Combinatorial Optimization
http://fake.url.com/0000006225.pdf;Power Systems
http://fake.url.com/0000006225.pdf;Machine Learning
http://fake.url.com/0000004460.pdf;Optimization
http://fake.url.com/0000004460.pdf;Mathematics
http://fake.url.com/0000009637.pdf;Network Inference
http://fake.url.com/0000009637.pdf;Software Development
http://fake.url.com/0000009637.pdf;Machine Learning
http://fake.url.com/0000004006.pdf;Random Forests
http://fake.url.com/0000004006.pdf;Machine Learning
http://fake.url.com/0000004006.pdf;Network Inference
http://fake.url.com/0000008149.pdf;Medical Research
http://fake.url.com/0000004064.pdf;Software Development
http://fake.url.com/0000004064.pdf;Machine Learning
http://fake.url.com/0000004064.pdf;Deep Learning
http://fake.url.com/0000004064.pdf;Image Processing
http://fake.url.com/0000001800.pdf;Medical Imaging
http://fake.url.com/0000001800.pdf;Machine Learning
http://fake.url.com/0000001800.pdf;Random Forests
http://fake.url.com/0000006068.pdf;Optimization
http://fake.url.com/0000006068.pdf;Mathematics
http://fake.url.com/0000006068.pdf;Power Systems
http://fake.url.com/0000009154.pdf;Machine Learning
http://fake.url.com/0000009154.pdf;Network Inference
http://fake.url.com/0000009154.pdf;Software Development
http://fake.url.com/0000004074.pdf;Machine Learning
http://fake.url.com/0000004074.pdf;Network Inference
http://fake.url.com/0000000513.pdf;Economics
http://fake.url.com/0000000513.pdf;Climate Change
http://fake.url.com/0000000513.pdf;Ecology
http://fake.url.com/0000009873.pdf;Optimization
http://fake.url.com/0000009873.pdf;Power Systems
http://fake.url.com/0000009873.pdf;Mathematics
http://fake.url.com/0000007290.pdf;Economics
http://fake.url.com/0000009108.pdf;Machine Learning
http://fake.url.com/0000009108.pdf;Image Processing
http://fake.url.com/0000009108.pdf;Deep Learning
http://fake.url.com/0000000417.pdf;Medical Research
http://fake.url.com/0000003094.pdf;Optimization
http://fake.url.com/0000003094.pdf;Machine Learning
http://fake.url.com/0000008180.pdf;Medical Research
http://fake.url.com/0000008180.pdf;Machine Learning
http://fake.url.com/0000005127.pdf;Mathematics
http://fake.url.com/0000005127.pdf;Automata Theory
http://fake.url.com/0000005729.pdf;Network Inference
http://fake.url.com/0000005729.pdf;Machine Learning
http://fake.url.com/0000005729.pdf;Random Forests
http://fake.url.com/0000000337.pdf;Medical Research
http://fake.url.com/0000002490.pdf;Industrial Imaging
http://fake.url.com/0000002490.pdf;Deep Learning
http://fake.url.com/0000002490.pdf;Machine Learning
http://fake.url.com/0000003913.pdf;Machine Learning
http://fake.url.com/0000003913.pdf;Medical Imaging
http://fake.url.com/0000004598.pdf;Random Forests
http://fake.url.com/0000004598.pdf;Medical Imaging
http://fake.url.com/0000004598.pdf;Machine Learning
http://fake.url.com/0000009615.pdf;Physics
http://fake.url.com/0000005104.pdf;Economics
http://fake.url.com/0000005104.pdf;Ecology
http://fake.url.com/0000006183.pdf;Medical Research
http://fake.url.com/0000005291.pdf;Mathematics
http://fake.url.com/0000005291.pdf;Combinatorial Optimization
http://fake.url.com/0000004303.pdf;Climate Change
http://fake.url.com/0000004303.pdf;Ecology
http://fake.url.com/0000005965.pdf;Machine Learning
http://fake.url.com/0000001039.pdf;Medical Imaging
http://fake.url.com/0000001039.pdf;Machine Learning
http://fake.url.com/0000001039.pdf;Deep Learning
http://fake.url.com/0000009866.pdf;Random Forests
http://fake.url.com/0000009866.pdf;Optimization
http://fake.url.com/0000009866.pdf;Machine Learning
http://fake.url.com/0000008270.pdf;Machine Learning
http://fake.url.com/0000008270.pdf;Optimization
http://fake.url.com/0000008270.pdf;Deep Learning
http://fake.url.com/0000003245.pdf;Software Development
http://fake.url.com/0000003245.pdf;Medical Imaging
http://fake.url.com/0000003245.pdf;Machine Learning
http://fake.url.com/0000003245.pdf;Random Forests
http://fake.url.com/0000008510.pdf;Mathematics
http://fake.url.com/0000008510.pdf;Machine Learning
http://fake.url.com/0000009028.pdf;Mathematics
http://fake.url.com/0000009028.pdf;Optimization
http://fake.url.com/0000004777.pdf;Physics
http://fake.url.com/0000008446.pdf;Ecology
http://fake.url.com/0000008446.pdf;Economics
http://fake.url.com/0000007935.pdf;Economics
http://fake.url.com/0000009045.pdf;Optimization
http://fake.url.com/0000009045.pdf;Mathematics
http://fake.url.com/0000009045.pdf;Power Systems
http://fake.url.com/0000007609.pdf;Image Processing
http://fake.url.com/0000007609.pdf;Medical Imaging
http://fake.url.com/0000007857.pdf;Deep Learning
http://fake.url.com/0000007857.pdf;Power Systems
http://fake.url.com/0000007857.pdf;Machine Learning
http://fake.url.com/0000007857.pdf;Random Forests
http://fake.url.com/0000000570.pdf;Power Systems
http://fake.url.com/0000004421.pdf;Ecology
http://fake.url.com/0000004421.pdf;Image Processing
http://fake.url.com/0000004421.pdf;Climate Change
http://fake.url.com/0000000397.pdf;Combinatorial Optimization
http://fake.url.com/0000000397.pdf;Mathematics
http://fake.url.com/0000000164.pdf;Image Processing
http://fake.url.com/0000000164.pdf;Ecology
http://fake.url.com/0000000169.pdf;Image Processing
http://fake.url.com/0000000169.pdf;Medical Imaging
http://fake.url.com/0000000169.pdf;Deep Learning
http://fake.url.com/0000000169.pdf;Machine Learning
http://fake.url.com/0000005232.pdf;Optimization
http://fake.url.com/0000005232.pdf;Mathematics
http://fake.url.com/0000003989.pdf;Mathematics
http://fake.url.com/0000003989.pdf;Optimization
http://fake.url.com/0000006098.pdf;Random Forests
http://fake.url.com/0000006098.pdf;Machine Learning
http://fake.url.com/0000006098.pdf;Image Processing
http://fake.url.com/0000009380.pdf;Physics
http://fake.url.com/0000009380.pdf;Image Processing
http://fake.url.com/0000003306.pdf;Machine Learning
http://fake.url.com/0000003306.pdf;Random Forests
http://fake.url.com/0000003306.pdf;Image Processing
http://fake.url.com/0000003225.pdf;Image Processing
http://fake.url.com/0000003225.pdf;Deep Learning
http://fake.url.com/0000003225.pdf;Machine Learning
http://fake.url.com/0000004936.pdf;Mathematics
http://fake.url.com/0000004936.pdf;Combinatorial Optimization
http://fake.url.com/0000004009.pdf;Medical Research
http://fake.url.com/0000001958.pdf;Climate Change
http://fake.url.com/0000001958.pdf;Ecology
http://fake.url.com/0000007237.pdf;Mathematics
http://fake.url.com/0000007237.pdf;Optimization
http://fake.url.com/0000005312.pdf;Medical Imaging
http://fake.url.com/0000005312.pdf;Machine Learning
http://fake.url.com/0000005312.pdf;Random Forests
http://fake.url.com/0000008620.pdf;Network Inference
http://fake.url.com/0000008620.pdf;Mathematics
http://fake.url.com/0000008620.pdf;Machine Learning
http://fake.url.com/0000006162.pdf;Economics
http://fake.url.com/0000006162.pdf;Climate Change
http://fake.url.com/0000001672.pdf;Random Forests
http://fake.url.com/0000001672.pdf;Machine Learning
http://fake.url.com/0000001672.pdf;Medical Imaging
http://fake.url.com/0000006643.pdf;Mathematics
http://fake.url.com/0000006643.pdf;Deep Learning
http://fake.url.com/0000006643.pdf;Machine Learning
http://fake.url.com/0000003636.pdf;Machine Learning
http://fake.url.com/0000003636.pdf;Random Forests
http://fake.url.com/0000007654.pdf;Medical Research
http://fake.url.com/0000009223.pdf;Medical Imaging
http://fake.url.com/0000009223.pdf;Medical Research
http://fake.url.com/0000009223.pdf;Random Forests
http://fake.url.com/0000009223.pdf;Machine Learning
http://fake.url.com/0000001043.pdf;Machine Learning
http://fake.url.com/0000001043.pdf;Optimization
http://fake.url.com/0000001043.pdf;Deep Learning
http://fake.url.com/0000003418.pdf;Combinatorial Optimization
http://fake.url.com/0000003418.pdf;Mathematics
http://fake.url.com/0000001481.pdf;Physics
http://fake.url.com/0000001481.pdf;Ecology
http://fake.url.com/0000001481.pdf;Climate Change
http://fake.url.com/0000005445.pdf;Economics
http://fake.url.com/0000009711.pdf;Image Processing
http://fake.url.com/0000009711.pdf;Ecology
http://fake.url.com/0000008400.pdf;Climate Change
http://fake.url.com/0000008400.pdf;Ecology
http://fake.url.com/0000008400.pdf;Economics
http://fake.url.com/0000000529.pdf;Machine Learning
http://fake.url.com/0000004701.pdf;Mathematics
http://fake.url.com/0000004701.pdf;Automata Theory
http://fake.url.com/0000009658.pdf;Mathematics
http://fake.url.com/0000009658.pdf;Automata Theory
http://fake.url.com/0000000916.pdf;Machine Learning
http://fake.url.com/0000000916.pdf;Medical Imaging
http://fake.url.com/0000004319.pdf;Random Forests
http://fake.url.com/0000004319.pdf;Network Inference
http://fake.url.com/0000004319.pdf;Machine Learning
http://fake.url.com/0000006966.pdf;Medical Imaging
http://fake.url.com/0000006966.pdf;Machine Learning
http://fake.url.com/0000006966.pdf;Deep Learning
http://fake.url.com/0000006966.pdf;Image Processing
http://fake.url.com/0000005921.pdf;Machine Learning
http://fake.url.com/0000005921.pdf;Software Development
http://fake.url.com/0000000047.pdf;Software Development
http://fake.url.com/0000000047.pdf;Optimization
http://fake.url.com/0000005195.pdf;Deep Learning
http://fake.url.com/0000005195.pdf;Random Forests
http://fake.url.com/0000005195.pdf;Machine Learning
http://fake.url.com/0000005195.pdf;Medical Imaging
http://fake.url.com/0000008244.pdf;Mathematics
http://fake.url.com/0000008244.pdf;Optimization
http://fake.url.com/0000007785.pdf;Mathematics
http://fake.url.com/0000007785.pdf;Optimization
http://fake.url.com/0000008780.pdf;Machine Learning
http://fake.url.com/0000008780.pdf;Optimization
http://fake.url.com/0000008780.pdf;Mathematics
http://fake.url.com/0000008780.pdf;Deep Learning
http://fake.url.com/0000009234.pdf;Machine Learning
http://fake.url.com/0000009234.pdf;Random Forests
http://fake.url.com/0000009234.pdf;Medical Imaging
http://fake.url.com/0000004895.pdf;Mathematics
http://fake.url.com/0000004895.pdf;Optimization
http://fake.url.com/0000003050.pdf;Random Forests
http://fake.url.com/0000003050.pdf;Machine Learning
http://fake.url.com/0000003050.pdf;Medical Imaging
http://fake.url.com/0000008970.pdf;Mathematics
http://fake.url.com/0000008970.pdf;Random Forests
http://fake.url.com/0000008970.pdf;Machine Learning
http://fake.url.com/0000001489.pdf;Deep Learning
http://fake.url.com/0000001489.pdf;Medical Imaging
http://fake.url.com/0000001489.pdf;Machine Learning
http://fake.url.com/0000001489.pdf;Software Development
http://fake.url.com/0000001489.pdf;Industrial Imaging
http://fake.url.com/0000001489.pdf;Random Forests
http://fake.url.com/0000003353.pdf;Mathematics
http://fake.url.com/0000003353.pdf;Optimization
http://fake.url.com/0000005273.pdf;Optimization
http://fake.url.com/0000005273.pdf;Mathematics
http://fake.url.com/0000007527.pdf;Optimization
http://fake.url.com/0000007527.pdf;Mathematics
http://fake.url.com/0000007049.pdf;Deep Learning
http://fake.url.com/0000007049.pdf;Machine Learning
http://fake.url.com/0000007049.pdf;Physics
http://fake.url.com/0000002892.pdf;Random Forests
http://fake.url.com/0000002892.pdf;Machine Learning
http://fake.url.com/0000002892.pdf;Power Systems
http://fake.url.com/0000008851.pdf;Deep Learning
http://fake.url.com/0000008851.pdf;Image Processing
http://fake.url.com/0000008851.pdf;Machine Learning
http://fake.url.com/0000009369.pdf;Ecology
http://fake.url.com/0000009369.pdf;Climate Change
http://fake.url.com/0000004294.pdf;Power Systems
http://fake.url.com/0000004294.pdf;Machine Learning
http://fake.url.com/0000005276.pdf;Mathematics
http://fake.url.com/0000005276.pdf;Combinatorial Optimization
http://fake.url.com/0000008066.pdf;Industrial Imaging
http://fake.url.com/0000008066.pdf;Machine Learning
http://fake.url.com/0000008066.pdf;Random Forests
http://fake.url.com/0000008066.pdf;Medical Imaging
http://fake.url.com/0000007646.pdf;Mathematics
http://fake.url.com/0000007646.pdf;Optimization
http://fake.url.com/0000004442.pdf;Mathematics
http://fake.url.com/0000004442.pdf;Combinatorial Optimization
http://fake.url.com/0000003285.pdf;Medical Research
http://fake.url.com/0000005712.pdf;Machine Learning
http://fake.url.com/0000005712.pdf;Medical Imaging
http://fake.url.com/0000003191.pdf;Machine Learning
http://fake.url.com/0000003191.pdf;Random Forests
http://fake.url.com/0000004247.pdf;Deep Learning
http://fake.url.com/0000004247.pdf;Machine Learning
http://fake.url.com/0000004247.pdf;Medical Imaging
http://fake.url.com/0000004247.pdf;Image Processing
http://fake.url.com/0000003383.pdf;Random Forests
http://fake.url.com/0000003383.pdf;Machine Learning
http://fake.url.com/0000006874.pdf;Machine Learning
http://fake.url.com/0000006874.pdf;Image Processing
http://fake.url.com/0000006874.pdf;Random Forests
http://fake.url.com/0000009204.pdf;Mathematics
http://fake.url.com/0000009204.pdf;Optimization
http://fake.url.com/0000007339.pdf;Combinatorial Optimization
http://fake.url.com/0000007339.pdf;Mathematics
http://fake.url.com/0000003875.pdf;Optimization
http://fake.url.com/0000006825.pdf;Medical Imaging
http://fake.url.com/0000006825.pdf;Image Processing
http://fake.url.com/0000001206.pdf;Optimization
http://fake.url.com/0000001717.pdf;Physics
http://fake.url.com/0000005194.pdf;Random Forests
http://fake.url.com/0000005194.pdf;Machine Learning
http://fake.url.com/0000005194.pdf;Medical Imaging
http://fake.url.com/0000001684.pdf;Combinatorial Optimization
http://fake.url.com/0000003153.pdf;Physics
http://fake.url.com/0000008210.pdf;Medical Research
http://fake.url.com/0000008210.pdf;Machine Learning
http://fake.url.com/0000002383.pdf;Machine Learning
http://fake.url.com/0000002383.pdf;Software Development
http://fake.url.com/0000002383.pdf;Deep Learning
http://fake.url.com/0000002383.pdf;Medical Imaging
http://fake.url.com/0000006879.pdf;Power Systems
http://fake.url.com/0000006879.pdf;Random Forests
http://fake.url.com/0000006879.pdf;Machine Learning
http://fake.url.com/0000001919.pdf;Economics
http://fake.url.com/0000001919.pdf;Mathematics
http://fake.url.com/0000008309.pdf;Medical Imaging
http://fake.url.com/0000008309.pdf;Random Forests
http://fake.url.com/0000008309.pdf;Machine Learning
http://fake.url.com/0000007060.pdf;Image Processing
http://fake.url.com/0000007060.pdf;Medical Research
http://fake.url.com/0000004802.pdf;Image Processing
http://fake.url.com/0000004802.pdf;Ecology
http://fake.url.com/0000004802.pdf;Climate Change
http://fake.url.com/0000005257.pdf;Climate Change
http://fake.url.com/0000005257.pdf;Mathematics
http://fake.url.com/0000005257.pdf;Economics
http://fake.url.com/0000000016.pdf;Machine Learning
http://fake.url.com/0000008873.pdf;Ecology
http://fake.url.com/0000008873.pdf;Image Processing
http://fake.url.com/0000004751.pdf;Optimization
http://fake.url.com/0000004751.pdf;Mathematics
http://fake.url.com/0000000877.pdf;Power Systems
http://fake.url.com/0000000877.pdf;Optimization
http://fake.url.com/0000000877.pdf;Machine Learning
http://fake.url.com/0000000160.pdf;Software Development
http://fake.url.com/0000000160.pdf;Machine Learning
http://fake.url.com/0000000160.pdf;Random Forests
http://fake.url.com/0000000374.pdf;Optimization
http://fake.url.com/0000000374.pdf;Mathematics
http://fake.url.com/0000000374.pdf;Machine Learning
http://fake.url.com/0000005489.pdf;Climate Change
http://fake.url.com/0000005489.pdf;Economics
http://fake.url.com/0000006465.pdf;Deep Learning
http://fake.url.com/0000006465.pdf;Machine Learning
http://fake.url.com/0000006465.pdf;Medical Imaging
http://fake.url.com/0000002458.pdf;Mathematics
http://fake.url.com/0000002458.pdf;Combinatorial Optimization
http://fake.url.com/0000004474.pdf;Machine Learning
http://fake.url.com/0000001264.pdf;Optimization
http://fake.url.com/0000001264.pdf;Mathematics
http://fake.url.com/0000004955.pdf;Optimization
http://fake.url.com/0000004955.pdf;Mathematics
http://fake.url.com/0000000905.pdf;Ecology
http://fake.url.com/0000000905.pdf;Climate Change
http://fake.url.com/0000006073.pdf;Random Forests
http://fake.url.com/0000006073.pdf;Network Inference
http://fake.url.com/0000006073.pdf;Machine Learning
http://fake.url.com/0000000639.pdf;Medical Research
http://fake.url.com/0000005623.pdf;Machine Learning
http://fake.url.com/0000005623.pdf;Industrial Imaging
http://fake.url.com/0000005623.pdf;Random Forests
http://fake.url.com/0000004814.pdf;Image Processing
http://fake.url.com/0000004814.pdf;Physics
http://fake.url.com/0000000104.pdf;Random Forests
http://fake.url.com/0000000104.pdf;Machine Learning
http://fake.url.com/0000000104.pdf;Image Processing
http://fake.url.com/0000009816.pdf;Image Processing
http://fake.url.com/0000009816.pdf;Machine Learning
http://fake.url.com/0000009816.pdf;Deep Learning
http://fake.url.com/0000009134.pdf;Economics
http://fake.url.com/0000002173.pdf;Medical Research
http://fake.url.com/0000000376.pdf;Physics
http://fake.url.com/0000004585.pdf;Mathematics
http://fake.url.com/0000004585.pdf;Optimization
